# Sightings per day near the location, exported by the offline analysis.
# Source: data/analysis/2026-09-08_2026-09-14 (15 NM, 2026-09-08..14). Regenerate with: python -m airframe.analysis
# then copy traffic_frequency_15nm.csv here. Used by scoring.py for rarity.
kind,key,per_day
combo,delta-connection_CRJ9,57.571
combo,united-express_E75L,29.143
combo,delta_A21N,24.429
combo,delta-connection_CRJ7,23.857
combo,delta_B739,20.571
combo,american_B738,20.286
combo,delta_B712,18.286
combo,delta_A321,18.143
combo,delta_A319,16.857
combo,southwest_B38M,16.857
combo,american-eagle_E75L,16.714
combo,united_B39M,16.571
combo,southwest_B737,16.429
combo,american-eagle_E170,15.0
combo,delta_B752,15.0
combo,united_B739,14.143
combo,united_B738,14.0
combo,american-eagle_CRJ9,13.143
combo,atp-flight-school_C172,13.143
combo,american_A321,12.857
combo,southwest_B738,12.143
combo,delta_BCS1,11.429
combo,united_B38M,11.429
combo,alaska_B739,10.571
combo,jetblue_A321,10.429
combo,netjets_C68A,10.143
combo,united_A21N,9.714
combo,alaska_B39M,8.571
combo,american-eagle_CRJ7,8.286
combo,delta-connection_E75L,8.143
combo,netjets_E55P,8.143
combo,delta_B763,7.714
combo,united_A319,7.286
combo,american_A21N,6.714
combo,united-express_CRJ7,6.714
combo,american_A319,6.429
combo,air-canada_BCS3,6.286
combo,jetblue_BCS3,6.286
combo,united_A320,6.286
combo,delta_A320,5.857
combo,flexjet_E545,5.429
combo,delta_B753,5.143
combo,delta_BCS3,5.143
combo,american_B38M,5.0
combo,flexjet_CL35,4.857
combo,delta-connection_E170,4.714
combo,american_B788,4.429
combo,frontier_A20N,4.286
combo,united_B737,4.286
combo,alaska_B738,3.571
combo,flexjet_E55P,3.571
combo,frontier_A21N,3.429
combo,jetblue_A21N,3.429
combo,netjets_CL35,3.429
combo,united_B752,3.429
combo,delta_A359,3.286
combo,delta_A333,2.714
combo,netjets_C700,2.714
combo,fedex_B763,2.429
combo,united-express_E170,2.429
combo,ups_A306,2.286
combo,porter_E295,2.0
combo,air-canada-express_DH8D,1.857
combo,delta_B738,1.857
combo,air-canada_A321,1.571
combo,allegiant_A320,1.571
combo,american_B789,1.571
combo,flexjet_E550,1.571
combo,jetblue_A320,1.571
combo,united_B763,1.571
combo,united_B78X,1.571
combo,aeromexico-connect_E190,1.429
combo,air-canada_A320,1.429
combo,flexjet_GLF4,1.429
combo,netjets_C56X,1.429
combo,breeze_BCS3,1.286
combo,delta_B764,1.286
combo,netjets_C680,1.286
combo,netjets_CL60,1.286
combo,united_B772,1.286
combo,wheels-up_CL30,1.286
combo,air-canada-express_E75S,1.143
combo,alaska_B38M,1.143
combo,delta_A339,1.143
combo,united_B788,1.143
combo,british-airways_B78X,1.0
combo,frontier_A321,1.0
combo,qatar-airways_A35K,1.0
combo,sun-country_B738,1.0
combo,westjet_B38M,1.0
combo,etihad_B789,0.857
combo,flexjet_CL30,0.857
combo,qatar-airways_B77L,0.857
combo,swiss_B77W,0.857
combo,united-express_CRJ2,0.857
combo,wheels-up_E55P,0.857
combo,air-canada-rouge_B38M,0.714
combo,cargolux_B744,0.714
combo,delta_A332,0.714
combo,flexjet_GLEX,0.714
combo,flexjet_GLF6,0.714
combo,lufthansa_A359,0.714
combo,military_C17,0.714
combo,netjets_E545,0.714
combo,ups_B763,0.714
combo,alaska_A332,0.571
combo,american_B772,0.571
combo,british-airways_B789,0.571
combo,emirates_B77W,0.571
combo,klm_B772,0.571
combo,lufthansa_B789,0.571
combo,military_EC45,0.571
combo,netjets_GL5T,0.571
combo,tap-air-portugal_A339,0.571
combo,turkish-airlines_B789,0.571
combo,united_B789,0.571
combo,westjet_B738,0.571
combo,air-canada-express_CRJ7,0.429
combo,air-canada-rouge_A321,0.429
combo,air-france_B772,0.429
combo,american_A320,0.429
combo,british-airways_B772,0.429
combo,emirates_B77L,0.429
combo,eva-air_B77L,0.429
combo,eva-air_B789,0.429
combo,fedex_B752,0.429
combo,fedex_B77L,0.429
combo,frontier_A320,0.429
combo,iberia_A333,0.429
combo,lufthansa_A343,0.429
combo,military_DH8C,0.429
combo,military_K35R,0.429
combo,netjets_GLEX,0.429
combo,swiss_A333,0.429
combo,volaris_A20N,0.429
combo,air-canada_B38M,0.286
combo,alaska_B737,0.286
combo,american-eagle_E195,0.286
combo,american_B77W,0.286
combo,ana_B788,0.286
combo,british-airways_B77W,0.286
combo,cargolux_B748,0.286
combo,etihad_A35K,0.286
combo,fedex_A30B,0.286
combo,klm_B78X,0.286
combo,korean-air_B77W,0.286
combo,lufthansa_B748,0.286
combo,military_BE20,0.286
combo,military_C30J,0.286
combo,military_GLF5,0.286
combo,military_P8,0.286
combo,royal-jordanian_B788,0.286
combo,sas_A333,0.286
combo,turkish-airlines_B77L,0.286
combo,turkish-airlines_B77W,0.286
combo,united_B77W,0.286
combo,ups_B752,0.286
combo,air-canada_B763,0.143
combo,air-canada_B77L,0.143
combo,air-canada_B789,0.143
combo,american-eagle_E75S,0.143
combo,ana_B77W,0.143
combo,british-airways_B788,0.143
combo,cathay-pacific_B748,0.143
combo,delta_BE20,0.143
combo,fedex_A306,0.143
combo,finnair_A333,0.143
combo,flexjet_GA5C,0.143
combo,flexjet_GLF5,0.143
combo,ita-airways_A339,0.143
combo,korean-air_B748,0.143
combo,korean-air_B77L,0.143
combo,lufthansa_A333,0.143
combo,military_A310,0.143
combo,military_B742,0.143
combo,military_B762,0.143
combo,military_C560,0.143
combo,military_C5M,0.143
combo,military_E390,0.143
combo,military_H47,0.143
combo,netjets_GL7T,0.143
combo,porter_C56X,0.143
combo,tap-air-portugal_A332,0.143
combo,turkish-airlines_A359,0.143
combo,turkish-airlines_B744,0.143
combo,united_B753,0.143
combo,ups_B748,0.143
type,CRJ9,71.0
type,E75L,66.714
type,B738,54.429
type,CRJ7,51.286
type,A21N,48.143
type,C172,45.571
type,B739,45.286
type,A321,44.429
type,B38M,36.714
type,A319,30.571
type,B39M,25.143
type,E170,22.571
type,B737,21.0
type,B752,19.286
type,DV20,19.286
type,BCS3,19.0
type,E55P,18.714
type,B712,18.286
type,A320,17.714
type,P28A,15.857
type,C152,15.286
type,B763,14.143
type,C56X,13.0
type,CL35,13.0
type,DA40,12.429
type,C68A,11.571
type,BCS1,11.429
type,C150,9.143
type,CL60,8.571
type,CL30,8.286
type,H25B,8.143
type,E545,7.0
type,B788,6.571
type,B789,6.143
type,F2TH,6.143
type,PC12,6.143
type,GLF4,6.0
type,LJ45,6.0
type,GLF5,5.571
type,SR22,5.571
type,FA20,5.429
type,B753,5.286
type,BE35,5.143
type,M20P,5.143
type,DH8D,5.0
type,GLEX,5.0
type,A20N,4.857
type,C560,4.857
type,GA6C,4.714
type,C750,4.571
type,F900,4.571
type,A359,4.429
type,A333,4.143
type,C680,4.143
type,G280,4.143
type,EC55,4.0
type,C25B,3.857
type,GLF6,3.857
type,B77L,3.714
type,BE20,3.714
type,CRJ2,3.714
type,C25C,3.571
type,C72R,3.571
type,CRUZ,3.571
type,B772,3.429
type,BE40,3.429
type,S22T,3.429
type,TBM7,3.143
type,B77W,3.0
type,C550,3.0
type,C700,3.0
type,E550,3.0
type,B78X,2.857
type,C182,2.714
type,C25A,2.714
type,E120,2.571
type,A306,2.429
type,MD88,2.429
type,PC24,2.429
type,SR20,2.429
type,BE9L,2.286
type,C310,2.286
type,LJ60,2.286
type,BE36,2.143
type,P32R,2.143
type,P46T,2.143
type,PA32,2.143
type,SF50,2.143
type,B744,2.0
type,E295,2.0
type,LJ35,2.0
type,A339,1.857
type,B350,1.857
type,GA5C,1.857
type,PA18,1.714
type,AA5,1.571
type,A332,1.429
type,AS50,1.429
type,C82S,1.429
type,E190,1.429
type,P28R,1.429
type,A35K,1.286
type,B764,1.286
type,BE30,1.286
type,BE58,1.286
type,C170,1.286
type,C414,1.286
type,C510,1.286
type,C650,1.286
type,C82R,1.286
type,E75S,1.286
type,FA50,1.286
type,GALX,1.286
type,GL7T,1.286
type,RV7,1.286
type,S108,1.286
type,SA30,1.286
type,SW4,1.286
type,B430,1.143
type,B748,1.143
type,FA7X,1.143
type,G150,1.143
type,GL5T,1.143
type,LJ31,1.143
type,PA24,1.143
type,PA30,1.143
type,PA31,1.143
type,PA34,1.143
type,RV6,1.143
type,B722,1.0
type,C82T,1.0
type,E50P,1.0
type,P28B,1.0
type,PA22,1.0
type,C208,0.857
type,C210,0.857
type,C421,0.857
type,M7,0.857
type,P180,0.857
type,P208,0.857
type,R44,0.857
type,AC11,0.714
type,AC50,0.714
type,B25,0.714
type,B734,0.714
type,BPAT,0.714
type,C120,0.714
type,C17,0.714
type,C340,0.714
type,EA50,0.714
type,YK52,0.714
type,B47G,0.571
type,BE23,0.571
type,BE55,0.571
type,BE9T,0.571
type,C180,0.571
type,C525,0.571
type,C77R,0.571
type,CH7A,0.571
type,DC3,0.571
type,DIMO,0.571
type,E110,0.571
type,E35L,0.571
type,EC35,0.571
type,EC45,0.571
type,GLAS,0.571
type,HDJT,0.571
type,J5,0.571
type,PA46,0.571
type,RELI,0.571
type,A343,0.429
type,ALIG,0.429
type,ASTR,0.429
type,BE95,0.429
type,BL17,0.429
type,C177,0.429
type,C303,0.429
type,CH2T,0.429
type,CH7B,0.429
type,COL3,0.429
type,DH8C,0.429
type,EVSS,0.429
type,GA4C,0.429
type,GLF2,0.429
type,K35R,0.429
type,PA25,0.429
type,PA38,0.429
type,R66,0.429
type,RV12,0.429
type,RV8,0.429
type,T18,0.429
type,A30B,0.286
type,B407,0.286
type,BE60,0.286
type,BT36,0.286
type,C30J,0.286
type,C335,0.286
type,C337,0.286
type,C501,0.286
type,CTAH,0.286
type,E195,0.286
type,EC20,0.286
type,EC30,0.286
type,GA7C,0.286
type,H25C,0.286
type,L8,0.286
type,LA4,0.286
type,LJ40,0.286
type,LNP4,0.286
type,M600,0.286
type,MD83,0.286
type,P8,0.286
type,PA11,0.286
type,RV10,0.286
type,RV4,0.286
type,ST75,0.286
type,T206,0.286
type,WACF,0.286
type,A310,0.143
type,AEST,0.143
type,AR15,0.143
type,B06,0.143
type,B733,0.143
type,B742,0.143
type,B762,0.143
type,BE10,0.143
type,BE33,0.143
type,BE99,0.143
type,C140,0.143
type,C175,0.143
type,C185,0.143
type,C206,0.143
type,C402,0.143
type,C441,0.143
type,C5M,0.143
type,COL4,0.143
type,CVLP,0.143
type,DC91,0.143
type,E135,0.143
type,E145,0.143
type,E390,0.143
type,EPIC,0.143
type,FA6X,0.143
type,FA8X,0.143
type,GA8C,0.143
type,GLID,0.143
type,H47,0.143
type,HA4T,0.143
type,LJ55,0.143
type,LNC4,0.143
type,MG17,0.143
type,MU2,0.143
type,PA23,0.143
type,PA44,0.143
type,R22,0.143
type,RV9,0.143
type,S61,0.143
type,S76,0.143
type,SB20,0.143
type,SF34,0.143
type,ST30,0.143
type,T34P,0.143
type,TBM8,0.143
